{"min": [-0.669611, -0.22542, -0.454509], "max": [0.643932, 0.652235, 0.6997]}