{"min": [-0.498225, -0.394653, -0.453286], "max": [0.468608, 0.806906, 0.567765]}